id;sendtime;receivetime;retrycount
1;2020-12-19T05:49:52;2020-12-19T22:30:19;10519
2;2020-12-19T18:42:24;2020-12-19T00:11:47;84950
3;2020-12-19T22:32:03;2020-12-19T12:44:44;64579
4;2020-12-19T03:24:42;2020-12-19T06:25:38;48750
5;2020-12-19T10:12:12;2020-12-19T12:55:52;4632
6;2020-12-19T18:51:45;2020-12-19T18:44:00;78648
7;2020-12-19T04:24:23;2020-12-19T08:53:35;52669
8;2020-12-19T21:47:13;2020-12-18T23:31:32;79792
9;2020-12-19T02:47:44;2020-12-19T03:01:39;75420
10;2020-12-19T11:35:37;2020-12-19T00:19:55;24291
